{
	"name": "sum",
	"custom_elements": {
		"AND_3": {
			"type": "OR_3",
			"inputs": [
				"",
				"",
				""
			],
			"outputs": [
				""
			],
			"inputs_groups": [
				1,
				1,
				1
			],
			"outputs_groups": [
				1
			],
			"x": 188,
			"y": 426,
			"dragging": true,
			"id": "OR_3 2",
			"const_id": 9
		},
		"OR_3": {
			"type": "OR_3",
			"inputs": [
				"",
				"",
				""
			],
			"outputs": [
				""
			],
			"inputs_groups": [
				1,
				1,
				1
			],
			"outputs_groups": [
				1
			],
			"x": 188,
			"y": 426,
			"dragging": true,
			"id": "OR_3 2",
			"const_id": 9
		}
	},
	"new_element": {
		"type": "OR_3",
		"inputs": [
			"",
			"",
			""
		],
		"outputs": [
			""
		],
		"inputs_groups": [
			1,
			1,
			1
		],
		"outputs_groups": [
			1
		],
		"x": 188,
		"y": 426,
		"dragging": true,
		"id": "OR_3 2",
		"const_id": 9
	},
	"inputs_number": 3,
	"outputs_number": 2,
	"blocks": {
		"4": {
			"type": "AND",
			"id": "AND 1",
			"const_id": 4,
			"x": 720.0078840358615,
			"y": 102.69276930130317,
			"inputs": [
				"x",
				"y"
			],
			"outputs": [
				"x && y"
			],
			"outputs_groups": [
				1
			],
			"inputs_groups": [
				1,
				1
			],
			"input_connectors_coordinates": [
				{
					"x": 394.47735595703125,
					"y": 76.15604400634766
				},
				{
					"x": 394.47735595703125,
					"y": 113.28332328796387
				}
			],
			"output_connectors_coordinates": [
				{
					"x": 479.5204162597656,
					"y": 76.15604400634766
				}
			]
		},
		"5": {
			"type": "AND",
			"id": "AND 2",
			"const_id": 5,
			"x": 731.8624713426559,
			"y": 302.5268054407806,
			"inputs": [
				"x",
				"y"
			],
			"outputs": [
				"x && y"
			],
			"outputs_groups": [
				1
			],
			"inputs_groups": [
				1,
				1
			],
			"input_connectors_coordinates": [
				{
					"x": 400.5927429199219,
					"y": 179.1987533569336
				},
				{
					"x": 400.5927429199219,
					"y": 216.3260269165039
				}
			],
			"output_connectors_coordinates": [
				{
					"x": 485.6357727050781,
					"y": 179.1987533569336
				}
			]
		},
		"6": {
			"type": "AND",
			"id": "AND 3",
			"const_id": 6,
			"x": 743.717032808557,
			"y": 509.13490254452324,
			"inputs": [
				"x",
				"y"
			],
			"outputs": [
				"x && y"
			],
			"outputs_groups": [
				1
			],
			"inputs_groups": [
				1,
				1
			],
			"input_connectors_coordinates": [
				{
					"x": 406.7000427246094,
					"y": 285.7382507324219
				},
				{
					"x": 406.7000427246094,
					"y": 322.86553955078125
				}
			],
			"output_connectors_coordinates": [
				{
					"x": 491.7430725097656,
					"y": 285.7382507324219
				}
			]
		},
		"7": {
			"type": "AND_3",
			"id": "AND_3 1",
			"const_id": 7,
			"x": 738.7984619474499,
			"y": 986.3404472251641,
			"inputs": [
				"",
				"",
				""
			],
			"outputs": [
				""
			],
			"outputs_groups": [
				1
			],
			"inputs_groups": [
				1,
				1,
				1
			],
			"input_connectors_coordinates": [
				{
					"x": 404.1700744628906,
					"y": 531.8112182617188
				},
				{
					"x": 404.1700744628906,
					"y": 568.9385070800781
				},
				{
					"x": 404.1700744628906,
					"y": 606.0657653808594
				}
			],
			"output_connectors_coordinates": [
				{
					"x": 505.5530090332031,
					"y": 531.8112182617188
				}
			]
		},
		"8": {
			"type": "OR_3",
			"id": "OR_3 1",
			"const_id": 8,
			"x": 744.6212621838474,
			"y": 719.8504985917593,
			"inputs": [
				"",
				"",
				""
			],
			"outputs": [
				""
			],
			"outputs_groups": [
				1
			],
			"inputs_groups": [
				1,
				1,
				1
			],
			"input_connectors_coordinates": [
				{
					"x": 407.1673278808594,
					"y": 394.39678955078125
				},
				{
					"x": 407.1673278808594,
					"y": 431.52406311035156
				},
				{
					"x": 407.1673278808594,
					"y": 468.6513366699219
				}
			],
			"output_connectors_coordinates": [
				{
					"x": 496.5451354980469,
					"y": 394.39678955078125
				}
			]
		},
		"9": {
			"type": "OR_3",
			"id": "OR_3 2",
			"const_id": 9,
			"x": 1099.1679486873597,
			"y": 269.3643547851926,
			"inputs": [
				"",
				"",
				""
			],
			"outputs": [
				""
			],
			"outputs_groups": [
				1
			],
			"inputs_groups": [
				1,
				1,
				1
			],
			"input_connectors_coordinates": [
				{
					"x": 547.2463684082031,
					"y": 150.35711669921875
				},
				{
					"x": 547.2463684082031,
					"y": 184.79449462890625
				},
				{
					"x": 547.2463684082031,
					"y": 219.23187255859375
				}
			],
			"output_connectors_coordinates": [
				{
					"x": 630.1487121582031,
					"y": 150.35711669921875
				}
			]
		},
		"10": {
			"type": "OUTPUT",
			"id": "OUTPUT 1",
			"const_id": 10,
			"x": 1489.973782620363,
			"y": 357.3626136775118,
			"inputs": [
				"x"
			],
			"outputs": [],
			"outputs_groups": [],
			"inputs_groups": [
				1
			],
			"input_connectors_coordinates": [
				{
					"x": 734.1708068847656,
					"y": 192.44723510742188
				}
			],
			"output_connectors_coordinates": []
		},
		"11": {
			"type": "NOT",
			"id": "NOT 1",
			"const_id": 11,
			"x": 1091.751420907034,
			"y": 555.9840458021798,
			"inputs": [
				"x"
			],
			"outputs": [
				"!x"
			],
			"outputs_groups": [
				1
			],
			"inputs_groups": [
				1
			],
			"input_connectors_coordinates": [
				{
					"x": 543.7040100097656,
					"y": 287.4414978027344
				}
			],
			"output_connectors_coordinates": [
				{
					"x": 619.7008972167969,
					"y": 287.4414978027344
				}
			]
		},
		"12": {
			"type": "AND",
			"id": "AND 4",
			"const_id": 12,
			"x": 1101.2802981510408,
			"y": 727.6961753862537,
			"inputs": [
				"x",
				"y"
			],
			"outputs": [
				"x && y"
			],
			"outputs_groups": [
				1
			],
			"inputs_groups": [
				1,
				1
			],
			"input_connectors_coordinates": [
				{
					"x": 591.0794982910156,
					"y": 398.44146728515625
				},
				{
					"x": 591.0794982910156,
					"y": 435.56874084472656
				}
			],
			"output_connectors_coordinates": [
				{
					"x": 676.1225891113281,
					"y": 398.44146728515625
				}
			]
		},
		"13": {
			"type": "OR",
			"id": "OR 1",
			"const_id": 13,
			"x": 1087.8318997388667,
			"y": 970.2233588156257,
			"inputs": [
				"x",
				"y"
			],
			"outputs": [
				"x || y"
			],
			"outputs_groups": [
				1
			],
			"inputs_groups": [
				1,
				1
			],
			"input_connectors_coordinates": [
				{
					"x": 584.1503601074219,
					"y": 523.5043182373047
				},
				{
					"x": 584.1503601074219,
					"y": 560.6316070556641
				}
			],
			"output_connectors_coordinates": [
				{
					"x": 657.1883239746094,
					"y": 523.5043182373047
				}
			]
		},
		"14": {
			"type": "OUTPUT",
			"id": "OUTPUT 2",
			"const_id": 14,
			"x": 1391.7084263975044,
			"y": 928.137795369051,
			"inputs": [
				"x"
			],
			"outputs": [],
			"outputs_groups": [],
			"inputs_groups": [
				1
			],
			"input_connectors_coordinates": [
				{
					"x": 687.1706237792969,
					"y": 465.4426574707031
				}
			],
			"output_connectors_coordinates": []
		},
		"15": {
			"type": "INPUT",
			"id": "INPUT 1",
			"const_id": 15,
			"x": 300.53033927595357,
			"y": 205.22665232523906,
			"inputs": [],
			"outputs": [
				"x"
			],
			"outputs_groups": [
				1
			],
			"inputs_groups": [],
			"input_connectors_coordinates": [],
			"output_connectors_coordinates": [
				{
					"x": 246.66116333007812,
					"y": 129.0269660949707
				}
			]
		},
		"16": {
			"type": "INPUT",
			"id": "INPUT 2",
			"const_id": 16,
			"x": 298.5910644512253,
			"y": 620.2314352260821,
			"inputs": [],
			"outputs": [
				"x"
			],
			"outputs_groups": [
				1
			],
			"inputs_groups": [],
			"input_connectors_coordinates": [],
			"output_connectors_coordinates": [
				{
					"x": 245.66207885742188,
					"y": 343.02447509765625
				}
			]
		},
		"17": {
			"type": "INPUT",
			"id": "INPUT 3",
			"const_id": 17,
			"x": 286.9554155028563,
			"y": 1048.8111862865007,
			"inputs": [],
			"outputs": [
				"x"
			],
			"outputs_groups": [
				1
			],
			"inputs_groups": [],
			"input_connectors_coordinates": [],